,apx,apx-na,knapsack,MR,GeRt,GLp,GSw,BIN,intersection,n_points,apx_reward,apx_cost,apx-na_reward,apx-na_cost,knapsack_reward,knapsack_cost,MR_reward,MR_cost,GLp_reward,GLp_cost,GSw_reward,GSw_cost,GeRt_reward,GeRt_cost,BIN_reward,BIN_cost,#BIN
0,1.0,1.0,1.0,1.0,0.0022,1.0,0.2196,1.0,10.0,25,3629,14387,3629,14387,3629,14387,3629,14387,3629,14387,797,14982,8,19304,3629,14387,18
1,1.0,1.0,1.0,1.0,0.0033,1.0,0.2556,0.9397,10.5385,25,4879,13324,4879,13324,4879,13324,4879,13324,4879,13324,1247,14696,16,19500,4585,15590,24
2,1.0,0.996,1.0,1.0,0.004,0.996,0.2206,0.996,11.1538,25,2770,14932,2759,13444,2770,14544,2770,14932,2759,13444,611,15100,11,19214,2759,13444,17
3,1.0,1.0,1.0,1.0,0.0,1.0,0.2151,1.0,8.0769,25,1325,15854,1325,14753,1325,15854,1325,15854,1325,14753,285,15308,0,19081,1325,14753,20
4,1.0,1.0,1.0,1.0,0.0,1.0,0.0,1.0,1.0,25,1,22249,1,22249,1,21927,1,22249,1,19948,0,15647,0,19319,1,22249,70
5,1.0,1.0,1.0,1.0,0.0,1.0,0.2151,1.0,8.0769,25,1325,15854,1325,14753,1325,15854,1325,15854,1325,14753,285,15308,0,19081,1325,14753,20
6,1.0,1.0,1.0,1.0,0.0,1.0,0.0,1.0,8.0769,25,762,16389,762,15290,762,16389,762,16389,762,15290,0,16213,0,19053,762,15290,20
7,1.0,1.0,1.0,1.0,0.6738,1.0,0.6738,1.0,2.6154,25,2600,19559,2600,16263,2600,19609,2600,19559,2600,17185,1752,18106,1752,17607,2600,18184,51
8,1.0,1.0,1.0,1.0,0.0,1.0,0.2151,1.0,8.0769,25,1325,15854,1325,14753,1325,15854,1325,15854,1325,14753,285,15308,0,19081,1325,14753,20
9,1.0,1.0,1.0,0.9803,0.3478,1.0,0.2909,0.879,10.3846,25,6133,16240,6133,15548,6133,16721,6012,13208,6133,13986,1784,14752,2133,19993,5391,17546,41
10,1.0,0.9986,1.0,0.9937,0.0429,0.9986,0.1504,0.9986,11.4615,25,6986,15310,6976,13760,6986,14906,6942,12238,6976,13760,1051,15350,300,19015,6976,13760,24
11,1.0,1.0,1.0,0.971,0.4126,1.0,0.4806,0.9401,11.3077,25,7852,15187,7852,13576,7852,15747,7624,12203,7852,13576,3774,14360,3240,19610,7382,16281,32
12,1.0,0.9954,1.0,0.9667,0.0534,0.9954,0.2454,0.9954,15.3846,25,8842,15370,8801,13117,8842,15219,8548,11661,8801,13117,2170,14508,472,16921,8801,13117,15
13,1.0,0.9981,1.0,0.9464,0.0913,0.9981,0.2116,0.9918,13.7692,25,11423,14382,11401,11716,11423,13949,10811,10952,11401,11716,2417,11783,1043,17353,11329,13013,19
14,1.0,0.9277,1.0,0.8242,0.5475,0.8252,0.4048,0.76,12.8462,25,17353,18058,16098,15112,17353,18058,14302,10999,14320,12924,7025,11232,9500,18722,13188,14041,25
15,1.0,0.9962,1.0,0.865,0.5329,0.9962,0.4511,0.9937,18.5385,25,21796,11160,21713,7175,21796,11160,18854,7867,21713,7175,9832,4834,11615,12875,21658,8248,13
16,1.0,0.9824,1.0,0.8944,0.3454,0.9824,0.3253,0.9824,15.8462,25,15224,16993,14956,10982,15224,15742,13617,9588,14956,10982,4952,9346,5258,19502,14956,10982,16
17,1.0,0.998,1.0,0.911,0.2769,0.998,0.3672,0.998,16.0,25,16307,14399,16274,10643,16307,13102,14855,9236,16274,10643,5988,8154,4515,20287,16274,10643,14
18,1.0,0.998,1.0,0.9186,0.2926,0.998,0.3701,0.998,15.8462,25,15270,14753,15239,11078,15270,13484,14027,9522,15239,11078,5652,8174,4468,19914,15239,11078,14
19,1.0,0.9981,1.0,0.878,0.2503,0.9401,0.1979,0.9401,14.9231,25,14233,17042,14206,14274,14233,16591,12497,10139,13380,11928,2816,9271,3562,19885,13380,11928,16
20,1.0,0.9962,1.0,0.8638,0.5361,0.9962,0.6214,0.995,18.5385,25,22186,11047,22101,7029,22186,11047,19165,7783,22101,7029,13786,4473,11894,12800,22075,8080,13
21,1.0,0.9962,1.0,0.8361,0.2925,0.9962,0.5938,0.9962,18.6154,25,31419,10602,31301,5690,31419,10602,26268,6871,31301,5690,18657,2745,9189,10026,31301,5690,13
22,1.0,0.9959,1.0,0.8189,0.5282,1.0,0.5797,0.9959,18.3846,25,29622,11140,29502,6545,29622,11140,24257,7170,29622,11140,17172,2873,15647,12756,29502,6545,15
23,1.0,0.9962,1.0,0.851,0.4041,0.9962,0.6085,0.9962,18.5385,25,25245,11274,25150,6997,25245,11274,21483,7621,25150,6997,15361,3189,10202,10824,25150,6997,13
24,1.0,0.9392,1.0,0.8679,0.2695,0.9392,0.1992,0.9392,15.0,25,15682,17276,14728,11303,15682,16021,13611,9678,14728,11303,3124,9311,4226,19891,14728,11303,16
25,1.0,0.9399,1.0,0.8765,0.2528,0.9399,0.198,0.9399,15.0,25,14417,16966,13551,11845,14417,16514,12637,10078,13551,11845,2855,9274,3644,19882,13551,11845,16
26,1.0,0.998,1.0,0.9453,0.1597,0.998,0.2127,0.9925,13.7692,25,11587,14299,11564,11624,11587,13865,10953,10878,11564,11624,2465,11780,1851,20016,11500,12916,19
27,1.0,0.9982,1.0,0.9786,0.0442,0.9982,0.2545,0.9659,11.6154,25,8278,15130,8263,12852,8278,14979,8101,12135,8263,12852,2107,14595,366,19307,7996,15106,27
28,1.0,0.9981,1.0,0.9633,0.0534,0.9981,0.3378,0.9803,11.6923,25,9601,15129,9583,12807,9601,14975,9249,11409,9583,12807,3243,15206,513,19572,9412,14168,27
29,1.0,0.9986,1.0,0.9983,0.0426,0.9986,0.1501,0.9986,9.9231,25,6662,15542,6653,13997,6662,15139,6651,12450,6653,13997,1000,15332,284,18948,6653,13997,30
30,1.0,1.0,1.0,0.9113,0.2913,1.0,0.2662,0.9357,10.3846,25,5222,16155,5222,16155,5222,16690,4759,13483,5222,14615,1390,14901,1521,20281,4886,15811,34
31,1.0,0.9989,1.0,1.0,0.0396,0.9989,0.1541,0.9719,9.9231,25,5333,13454,5327,13004,5333,13454,5333,13454,5327,13004,822,15238,211,18698,5183,15127,30
32,1.0,0.9988,1.0,1.0,0.0407,0.9988,0.2306,0.9829,11.0769,25,5775,13109,5768,12658,5775,13109,5775,13109,5768,12658,1332,14813,235,18775,5676,14739,24
33,1.0,0.9954,1.0,0.9504,0.0729,0.9954,0.2701,0.9954,15.3846,25,10046,14798,10000,12251,10046,14380,9548,11233,10000,12251,2713,14218,732,16923,10000,12251,15
34,1.0,0.998,1.0,0.9478,0.089,0.998,0.2102,0.9908,13.7692,25,11260,14467,11237,11809,11260,14035,10672,11025,11237,11809,2367,11790,1002,17338,11156,13112,19
35,1.0,0.9953,1.0,0.9848,0.0047,0.9953,0.2257,0.9953,13.9231,25,7825,15006,7788,13878,7825,15006,7706,11576,7788,13878,1766,14719,37,18182,7788,13878,17
36,1.0,0.9985,1.0,0.9959,0.0429,0.9985,0.2451,0.9985,11.6154,25,6825,15424,6815,13877,6825,15021,6797,12343,6815,13877,1673,14694,293,18981,6815,13877,22
37,1.0,0.9955,1.0,0.9182,0.2844,0.9955,0.2332,0.9955,15.9231,25,13073,17311,13014,11466,13073,16128,12003,9857,13014,11466,3049,8749,3718,18912,13014,11466,16
38,1.0,0.9981,1.0,0.8632,0.3672,0.9981,0.4455,0.9968,18.3846,25,24561,13655,24514,9172,24561,13655,21202,7709,24514,9172,10942,5489,9018,18258,24482,10146,15
39,1.0,0.996,1.0,0.8124,0.536,1.0,0.5743,0.996,18.3846,25,32700,10973,32568,6053,32700,10973,26565,6730,32700,10973,18778,2725,17526,12912,32568,6053,15
40,1.0,0.998,1.0,0.8713,0.5357,0.998,0.6209,0.8693,18.6923,25,33729,15915,33662,10046,33729,15915,29388,8596,33662,10046,20944,4469,18067,18750,29321,5767,7
41,1.0,0.9981,1.0,0.8713,0.5357,0.9981,0.6209,0.8693,18.6923,25,33394,15775,33329,9961,33394,15775,29095,8525,33329,9961,20735,4433,17890,18575,29030,5722,7
42,1.0,0.9981,1.0,0.8724,0.4376,0.9981,0.6222,0.8705,18.6923,25,30709,14841,30650,9454,30709,14841,26791,8054,30650,9454,19107,4202,13438,19359,26732,5456,7
43,1.0,0.998,1.0,0.8716,0.4387,0.998,0.6213,0.8696,18.6923,25,32226,15322,32163,9699,32226,15322,28087,8291,32163,9699,20022,4315,14138,20098,28024,5580,7
44,1.0,0.998,1.0,0.8773,0.4292,0.998,0.627,0.998,18.6923,25,27107,14169,27054,9286,27107,14169,23781,7771,27054,9286,16997,4100,11634,18093,27054,9286,13
45,1.0,0.9981,1.0,0.8717,0.4385,0.9981,0.6215,0.8698,18.6923,25,31888,15205,31826,9636,31888,15205,27797,8233,31826,9636,19817,4287,13983,19925,27735,5548,7
46,1.0,0.9959,1.0,0.8189,0.5282,1.0,0.5797,0.9959,18.3846,25,29622,11140,29502,6545,29622,11140,24257,7170,29622,11140,17172,2873,15647,12756,29502,6545,15
47,1.0,0.9759,1.0,0.8896,0.4593,0.9759,0.4535,0.8675,17.6923,25,22090,13529,21557,8882,22090,12989,19652,8636,21557,8882,10018,5484,10147,19337,19162,6034,7
48,1.0,0.9754,1.0,0.8871,0.4685,0.9754,0.4509,0.8645,17.6923,25,23159,13409,22589,8661,23159,12854,20545,8504,22589,8661,10443,5476,10849,19411,20020,5854,7
49,1.0,0.9958,1.0,0.8413,0.5005,1.0,0.5985,0.9958,18.3846,25,23929,12284,23829,8196,23929,12284,20131,7730,23929,12284,14321,4333,11977,13241,23829,8196,15
50,1.0,0.9762,1.0,0.8914,0.4523,0.9762,0.4554,0.8696,17.6923,25,21375,13635,20867,9053,21375,13104,19053,8745,20867,9053,9734,5497,9667,19316,18587,6173,7
51,1.0,0.977,1.0,0.8952,0.5242,0.977,0.4593,0.8741,17.9231,25,20113,13876,19650,9397,20113,13360,18005,8972,19650,9397,9238,5541,10543,19310,17581,6447,7
52,1.0,0.9955,1.0,0.9052,0.3867,0.9955,0.238,0.9007,17.0769,25,14325,16646,14261,10692,14325,16646,12967,9319,14261,10692,3409,8618,5540,18128,12903,7666,7
53,1.0,0.9751,1.0,0.8858,0.4738,0.9751,0.4494,0.8628,17.6923,25,23865,13356,23270,8538,23865,12792,21139,8435,23270,8538,10726,5481,11308,19490,20590,5751,7
54,1.0,0.9752,1.0,0.8862,0.4726,0.9752,0.4498,0.8633,17.6923,25,23684,13370,23097,8568,23684,12808,20988,8452,23097,8568,10654,5480,11192,19470,20446,5776,7
55,1.0,0.9752,1.0,0.8862,0.4726,0.9752,0.4498,0.8633,17.6923,25,23684,13370,23097,8568,23684,12808,20988,8452,23097,8568,10654,5480,11192,19470,20446,5776,7
56,1.0,0.996,1.0,0.8095,0.539,1.0,0.5718,0.8055,18.3846,25,34736,11036,34596,5882,34736,11036,28119,6786,34736,11036,19863,2684,18721,13181,27979,3199,7
57,1.0,0.998,1.0,0.8713,0.5244,0.998,0.621,0.8693,18.6923,25,33063,15637,32998,9879,33063,15637,28808,8453,32998,9879,20532,4396,17337,19235,28743,5677,7
58,1.0,0.998,1.0,0.8719,0.4383,0.998,0.6217,0.87,18.6923,25,31385,15041,31323,9551,31385,15041,27366,8151,31323,9551,19513,4247,13756,19672,27304,5504,7
59,1.0,0.9981,1.0,0.8744,0.4344,0.9981,0.6242,0.8724,18.6923,25,28833,14414,28777,9298,28833,14414,25211,7860,28777,9298,17997,4121,12526,18617,25155,5393,7
60,1.0,0.9981,1.0,0.8722,0.4378,0.9981,0.622,0.8703,18.6923,25,30877,14891,30817,9478,30877,14891,26932,8079,30817,9478,19206,4214,13518,19437,26872,5469,7
61,1.0,0.998,1.0,0.8796,0.4259,0.998,0.6293,0.998,18.6923,25,26062,14091,26011,9339,26062,14091,22925,7760,26011,9339,16401,5151,11100,17822,26011,9339,13
62,1.0,0.998,1.0,0.8836,0.4167,0.998,0.4587,0.9961,18.6923,25,24166,12933,24118,8410,24166,11368,21352,7822,24118,8410,11084,5497,10069,17452,24072,9559,13
63,1.0,0.9959,1.0,0.8308,0.5134,1.0,0.5897,0.9959,18.3846,25,26068,11728,25961,7463,26068,11728,21658,7446,26068,11728,15373,3177,13383,12943,25961,7463,15
64,1.0,0.9762,1.0,0.8914,0.4523,0.9762,0.4554,0.8696,17.6923,25,21375,13635,20867,9053,21375,13104,19053,8745,20867,9053,9734,5497,9667,19316,18587,6173,7
65,1.0,0.998,1.0,0.8827,0.4197,0.998,0.4579,0.9971,18.6923,25,24677,12927,24628,8344,24677,11341,21783,7793,24628,8344,11299,5511,10357,17535,24606,9482,13
66,1.0,0.9958,1.0,0.8464,0.4944,1.0,0.6029,0.9958,18.3077,25,23060,12552,22963,8531,23060,12552,19519,7870,23060,12552,13902,4434,11402,13394,22963,8531,15
67,1.0,0.9772,1.0,0.8964,0.5203,0.9772,0.4606,0.8755,17.9231,25,19753,13957,19302,9507,19753,13446,17706,9046,19302,9507,9098,5559,10277,19333,17294,6534,7
68,1.0,0.9959,1.0,0.8266,0.5186,1.0,0.5862,0.9959,18.3846,25,27123,11509,27012,7151,27123,11509,22420,7339,27123,11509,15899,3073,14065,12847,27012,7151,15
69,1.0,0.998,1.0,0.881,0.4239,0.998,0.6306,0.998,18.6923,25,25534,14072,25484,9385,25534,14072,22495,7767,25484,9385,16101,5151,10823,17705,25484,9385,13
70,1.0,0.9754,1.0,0.8868,0.4698,0.9754,0.4506,0.8641,17.6923,25,23334,13395,22759,8629,23334,12838,20692,8486,22759,8629,10514,5477,10963,19430,20162,5827,7
71,1.0,0.9959,1.0,0.8131,0.5351,1.0,0.5748,0.9959,18.3846,25,32293,10977,32162,6102,32293,10977,26257,7126,32293,10977,18563,2737,17279,12876,32162,6102,15
72,1.0,0.9959,1.0,0.8093,0.5391,1.0,0.5716,0.8052,18.3846,25,34940,11049,34798,5871,34940,11049,28276,6795,34940,11049,19973,2682,18837,13215,28134,3192,7
73,1.0,0.998,1.0,0.8717,0.6616,0.998,0.6212,0.8697,18.6923,25,35880,16981,35808,10732,35880,16981,31276,8873,35808,10732,22287,4769,23739,19025,31204,6154,7
74,1.0,0.9963,1.0,0.8379,0.2909,0.9963,0.5957,0.9963,18.6154,25,30237,10629,30124,5851,30237,10629,25337,6884,30124,5851,18012,2795,8796,9888,30124,5851,13
75,1.0,0.9958,1.0,0.8066,0.5372,1.0,0.5692,0.8025,18.3846,25,45206,13605,45017,6991,45206,13605,36465,6892,45206,13605,25730,3219,24285,16691,36276,3762,7
76,1.0,0.9959,1.0,0.8058,0.5397,1.0,0.5685,0.8017,18.3846,25,42607,12601,42431,6391,42607,12601,34333,6383,42607,12601,24224,2966,22997,15473,34157,3443,7
77,1.0,0.9979,1.0,0.8798,0.2261,0.9979,0.6281,0.8777,18.6923,25,43264,17794,43171,15028,43264,17794,38064,9729,43171,15028,27173,6580,9780,18945,37971,10381,7
78,1.0,1.0,1.0,0.9226,0.0808,1.0,0.4806,1.0,17.6923,25,48039,17892,48039,17892,48039,17892,44322,12692,48039,17892,23086,11988,3880,14429,48039,17892,14
79,1.0,1.0,1.0,0.9214,0.081,1.0,0.4796,1.0,17.6923,25,47436,17249,47436,17249,47436,17249,43707,12235,47436,17249,22750,11664,3843,14117,47436,17249,14
80,1.0,0.9979,1.0,0.8788,0.227,0.9979,0.6272,0.8766,18.6923,25,42635,17248,42544,14535,42635,17248,37466,9415,42544,14535,26739,6373,9678,18494,37375,10054,7
81,1.0,0.9958,1.0,0.806,0.5389,1.0,0.5687,0.8019,18.3846,25,43609,12957,43428,6595,43609,12957,35150,6562,43609,12957,24801,3053,23500,15914,34969,3551,7
82,1.0,0.9963,1.0,0.8314,0.2951,0.9963,0.5891,0.8276,18.6154,25,36113,10957,35978,5461,36113,10957,30023,5897,35978,5461,21275,2717,10656,10865,29888,3285,7
83,1.0,0.9963,1.0,0.8309,0.295,0.9963,0.5886,0.8271,18.6154,25,37089,11125,36950,5495,37089,11125,30816,5977,36950,5495,21831,2744,10943,11101,30677,3302,7
84,1.0,0.9958,1.0,0.8063,0.5381,1.0,0.5689,0.8021,18.3846,25,44408,13269,44223,6782,44408,13269,35804,6722,44408,13269,25262,3134,23897,16291,35619,3652,7
85,1.0,0.9959,1.0,0.8062,0.5412,1.0,0.569,0.8021,18.3846,25,39386,11703,39225,5955,39386,11703,31752,5939,39386,11703,22409,2766,21316,14290,31591,3217,7
86,1.0,0.9959,1.0,0.806,0.5411,1.0,0.5688,0.8019,18.3846,25,40193,11894,40028,6033,40193,11894,32394,6031,40193,11894,22860,2804,21747,14554,32229,3256,7
87,1.0,0.9946,1.0,0.8584,0.4198,0.9946,0.4422,0.992,18.1538,25,19243,12666,19139,8942,19243,12666,16519,8714,19139,8942,8509,5135,8079,10416,19089,10182,14
88,0.9654,0.884,1.0,0.9478,0.2825,1.0,0.55,0.7662,12.7692,25,28050,22018,25684,11517,29054,22142,27538,19519,29054,22142,15980,13392,8209,15530,22262,14935,10
89,0.9662,0.8875,1.0,0.946,0.3831,1.0,0.6544,0.7703,11.2308,25,30527,22348,28039,11248,31594,22465,29888,19786,31594,22465,20675,11917,12103,17465,24338,14954,10
90,0.9212,0.8855,1.0,0.9022,0.2108,1.0,0.6168,0.7698,12.7692,25,33838,19262,32525,11214,36731,21704,33138,20317,36731,23517,22655,12096,7742,16577,28277,15478,10
91,1.0,0.9958,1.0,0.9053,0.1473,1.0,0.6858,1.0,18.3077,25,34502,10190,34356,5071,34502,10190,31236,8617,34502,10190,23662,9313,5081,8628,34502,10190,11
92,0.967,0.8853,1.0,0.9027,0.2105,1.0,0.5955,0.7693,12.7692,25,33400,22766,30580,11152,34541,22876,31179,19829,34541,22876,20568,11510,7271,15935,26572,15172,10
93,0.9671,0.8854,1.0,0.9025,0.2106,1.0,0.5592,0.7695,12.7692,25,34038,22922,31165,11158,35197,23031,31766,19961,35197,23031,19681,11800,7412,16121,27084,15251,10
94,0.9662,0.8847,1.0,0.9465,0.21,1.0,0.5934,0.7677,12.7692,25,30196,22196,27648,11280,31252,22314,29579,19645,31252,22314,18546,11419,6563,15094,23993,14938,10
95,0.9668,0.8852,1.0,0.903,0.2104,1.0,0.595,0.7689,12.7692,25,32546,22579,29799,11160,33665,22691,30398,19672,33665,22691,20030,11464,7082,15697,25885,15084,10
96,0.9215,0.8856,1.0,0.9022,0.2109,0.9543,0.6175,0.7701,12.7692,25,34648,19464,33301,11271,37601,21874,33923,20549,35883,19637,23220,12192,7931,16851,28956,15633,10
97,0.9666,0.8851,1.0,0.9455,0.2103,1.0,0.5946,0.7686,12.7692,25,31907,22456,29214,11178,33008,22570,31210,19854,33008,22570,19626,11441,6940,15526,25371,15030,10
98,1.0,0.9957,1.0,0.9073,0.1455,1.0,0.6137,0.9957,18.3077,25,28664,10622,28542,6118,28664,10622,26007,9041,28664,10622,17592,8443,4170,7885,28542,6118,15
99,1.0,0.988,1.0,0.9234,0.298,1.0,0.5352,0.988,18.3846,25,22061,12871,21796,9026,22061,12871,20371,10817,22061,12871,11806,8592,6575,9731,21796,9026,15
100,1.0,0.9956,1.0,0.912,0.2651,1.0,0.4297,0.9956,18.3077,25,21330,12607,21237,8707,21330,12607,19453,10854,21330,12607,9166,8554,5655,8616,21237,8707,15
101,1.0,0.9879,1.0,0.9209,0.2947,1.0,0.7356,0.9879,18.3846,25,20760,13316,20509,9558,20760,13316,19118,11313,20760,13316,15272,10395,6117,9792,20509,9558,15
102,1.0,0.9906,1.0,0.8778,0.3103,1.0,0.3386,0.9906,18.3077,25,21199,13055,20999,9293,21199,13055,18609,10828,21199,13055,7178,5359,6578,7637,20999,9293,15
103,1.0,0.9911,1.0,0.8832,0.181,1.0,0.5562,0.9911,17.4615,25,24862,11598,24640,7603,24862,11598,21958,9758,24862,11598,13828,9118,4501,6520,24640,7603,15
104,1.0,0.9879,1.0,0.9218,0.2959,1.0,0.7369,0.9879,18.3846,25,21197,13162,20941,9375,21197,13162,19539,11142,21197,13162,15621,10256,6272,9769,20941,9375,15
105,1.0,0.9883,1.0,0.931,0.243,1.0,0.6315,0.9883,18.3846,25,29573,11351,29228,6876,29573,11351,27531,8972,29573,11351,18676,8433,7186,7625,29228,6876,15
106,0.9667,0.8878,1.0,0.9451,0.3843,1.0,0.6556,0.7712,11.2308,25,32445,22680,29799,11160,33564,22792,31723,20054,33564,22792,22005,11954,12899,17916,25885,15084,10
107,0.9672,0.8855,1.0,0.9024,0.2107,1.0,0.6164,0.7697,12.7692,25,34888,23152,31942,11183,36071,23329,32549,20157,36071,23329,22233,12035,7600,16378,27765,15374,10
108,0.9659,0.9312,1.0,0.9411,0.4052,0.957,0.6511,0.8099,11.2308,25,36357,20117,35052,11465,37642,20222,35426,17223,36025,16143,24507,13483,15254,19725,30486,16050,10
109,0.9212,0.8883,1.0,0.944,0.386,0.9542,0.6574,0.7724,11.2308,25,34537,19575,33301,11271,37490,21985,35392,20935,35772,19748,24646,12281,14473,19046,28956,15633,10
110,0.9663,0.8875,1.0,0.9458,0.3834,1.0,0.6546,0.7705,11.2308,25,30957,22409,28433,11219,32036,22524,30300,19833,32036,22524,20972,11918,12282,17558,24684,14974,10
111,0.9875,0.9678,1.0,0.9953,0.3691,0.9875,0.4126,0.8228,11.2308,25,20100,15565,19698,8728,20354,19038,20259,18297,20100,15565,8398,17828,7512,18072,16748,14834,10
112,0.9614,0.8832,1.0,0.9555,0.3698,1.0,0.4523,0.7602,11.2308,25,20972,22675,19268,13159,21815,22829,20845,20237,21815,22829,9867,14546,8067,16430,16583,15810,10
113,1.0,0.9833,1.0,0.9902,0.357,1.0,0.6231,0.8331,11.2308,25,15207,17008,14953,10715,15207,17008,15058,15999,15207,17008,9476,14448,5429,17789,12669,15112,10
114,0.9969,0.9737,1.0,0.9557,0.2763,0.9969,0.5502,0.8288,11.2308,25,21312,15295,20816,8363,21379,18717,20431,21061,21312,15295,11762,14909,5907,16275,17719,14696,10
115,0.9968,0.973,1.0,0.9542,0.2808,0.9968,0.5358,0.8294,11.2308,25,23412,15039,22852,7800,23487,18605,22411,21134,23412,15039,12585,14774,6595,16670,19481,14562,10
116,1.0,1.0,1.0,0.9788,0.1939,1.0,0.7062,1.0,6.7692,25,15779,19649,15779,11548,15779,22832,15444,20921,15779,15835,11143,13302,3060,19615,15779,19649,27
117,1.0,0.9758,1.0,0.9068,0.4661,1.0,0.8545,0.9662,6.1538,25,15436,18419,15063,15310,15436,18419,13998,16422,15436,18419,13190,18502,7195,16042,14914,14499,16
118,0.9608,0.9056,1.0,1.0,0.4466,1.0,0.9174,1.0,2.6923,25,4802,17809,4526,15494,4998,17923,4998,17923,4998,17923,4585,16687,2232,18308,4998,17923,43
119,0.9726,0.9119,1.0,1.0,0.5487,1.0,0.4031,1.0,2.5385,25,4041,18872,3789,16587,4155,20993,4155,20995,4155,18290,1675,16575,2280,19453,4155,20995,40
120,0.8567,0.8567,1.0,0.9784,0.6676,0.9784,0.3768,0.9784,2.4615,25,4847,18124,4847,18124,5658,20134,5536,16794,5536,16794,2132,15781,3777,17834,5536,16794,47
121,0.9657,0.9657,1.0,1.0,0.559,1.0,0.5049,0.9112,2.6154,25,5231,17204,5231,17204,5417,18012,5417,18012,5417,18012,2735,15639,3028,17844,4936,17693,56
122,0.9658,0.9658,1.0,1.0,0.5602,1.0,0.5111,0.9124,2.6154,25,4662,17521,4662,17521,4827,18338,4827,18338,4827,18338,2467,15699,2704,17932,4404,16431,56
123,0.9657,0.9657,1.0,1.0,0.5579,1.0,0.5001,0.913,2.6154,25,5793,16907,5793,16907,5999,17707,5999,17707,5999,17707,3000,15592,3347,17773,5477,17415,56
124,0.9658,0.9658,1.0,1.0,0.5602,1.0,0.5111,0.9124,2.6154,25,4662,17521,4662,17521,4827,18338,4827,18338,4827,18338,2467,15699,2704,17932,4404,16431,56
125,0.9788,0.9788,1.0,1.0,0.3795,1.0,0.1986,1.0,1.7692,25,3273,15941,3273,15941,3344,20850,3344,20839,3344,18279,664,16684,1269,18976,3344,18279,63
126,0.9658,0.9658,1.0,1.0,0.5597,1.0,0.5093,0.9121,2.6154,25,4802,17441,4802,17441,4972,18256,4972,18256,4972,18256,2532,15682,2783,17909,4535,16357,56
127,1.0,1.0,1.0,1.0,0.6824,1.0,0.3808,1.0,1.8462,25,5013,17035,5013,17035,5013,19656,5013,17035,5013,17035,1909,15776,3421,17916,5013,17035,67
128,0.8266,0.8266,1.0,1.0,0.3983,0.978,0.5538,0.978,2.8462,25,5028,19406,5028,18625,6083,18040,6083,18040,5949,16937,3369,16803,2423,17265,5949,16937,44
129,0.9657,0.9657,1.0,1.0,0.5579,1.0,0.5001,0.913,2.6154,25,5793,16907,5793,16907,5999,17707,5999,17707,5999,17707,3000,15592,3347,17773,5477,17415,56
130,0.9542,0.9542,1.0,0.9727,0.5567,1.0,0.7472,1.0,5.3077,25,8789,14597,8789,14597,9211,17916,8960,17257,9211,15222,6882,16557,5128,19016,9211,15222,31
131,0.9729,0.8818,1.0,1.0,0.5355,0.9876,0.8629,0.9213,4.7692,25,14407,17099,13059,13334,14809,16671,14809,16671,14626,15679,12779,16072,7930,16240,13644,13898,33
132,0.8266,0.8266,1.0,1.0,0.3983,0.978,0.5538,0.978,2.8462,25,5028,19406,5028,18625,6083,18040,6083,18040,5949,16937,3369,16803,2423,17265,5949,16937,44
133,0.9467,0.9423,1.0,1.0,0.4238,0.9561,0.6585,1.0,4.1538,25,7962,15554,7925,14540,8410,16825,8410,16825,8041,15376,5538,15170,3564,17975,8410,16825,31
134,1.0,0.9803,1.0,0.9474,0.5628,1.0,0.5628,0.9803,2.6923,25,6693,19136,6561,15994,6693,19150,6341,20835,6693,16579,3767,17468,3767,16991,6561,17086,55
135,0.9666,0.9666,1.0,1.0,0.5623,1.0,0.4507,1.0,2.6154,25,3213,18411,3213,17455,3324,19255,3324,19255,3324,19255,1498,15793,1869,18231,3324,19255,49
136,1.0,0.9901,1.0,0.956,0.5908,1.0,0.5908,0.9575,2.6923,25,4022,18289,3982,17640,4022,18289,3845,19347,4022,18289,2376,17972,2376,17492,3851,15960,53
137,1.0,1.0,1.0,1.0,0.3998,1.0,0.0686,1.0,1.4615,25,918,22263,918,19173,918,21775,918,19860,918,19860,63,16201,367,19291,918,19517,64
138,1.0,1.0,1.0,1.0,0.3964,1.0,0.0651,1.0,1.3846,25,661,19876,661,19876,661,21921,661,22250,661,17638,43,16038,262,19167,661,19538,67
139,0.986,0.986,1.0,1.0,0.6951,1.0,0.0698,1.0,1.8462,25,1271,20731,1271,18680,1289,20679,1289,21748,1289,19318,90,16345,896,20455,1289,19318,60
140,0.9222,0.9222,1.0,0.9571,0.6245,1.0,0.5928,0.9486,2.2308,25,3569,16676,3569,16676,3870,18393,3704,19438,3870,18393,2294,18012,2417,18480,3671,15410,55
141,1.0,1.0,1.0,0.9734,0.6634,1.0,0.4932,0.9569,2.1538,25,2555,19321,2555,18394,2555,19321,2487,20237,2555,19321,1260,15507,1695,18835,2445,16977,55
142,1.0,0.9901,1.0,0.956,0.5908,1.0,0.5908,0.9575,2.6923,25,4022,18289,3982,17640,4022,18289,3845,19347,4022,18289,2376,17972,2376,17492,3851,15960,53
143,1.0,1.0,1.0,0.9683,0.6507,1.0,0.4805,0.9571,2.1538,25,2843,19113,2843,18183,2843,19113,2753,20058,2843,19113,1366,15462,1850,18756,2721,16773,55
144,1.0,0.9984,1.0,1.0,0.0016,0.9984,0.1946,0.9984,8.9231,25,1927,15543,1924,14198,1927,15299,1927,15543,1924,14198,375,15254,3,19128,1924,14198,20
145,1.0,0.9989,1.0,1.0,0.0401,0.9989,0.1531,0.9794,9.9231,25,5629,13223,5623,12772,5629,13223,5629,13223,5623,12772,862,15253,226,18748,5513,14867,30
146,1.0,1.0,1.0,1.0,0.0,1.0,0.2065,1.0,8.2308,25,1690,15516,1690,14413,1690,15516,1690,15516,1690,14413,349,15267,0,19112,1690,14413,20
147,0.0,0.0,0.0,0.0,0.0,0.0,0.0,0.0,1.0,25,0,22095,0,22095,0,22512,0,22095,0,19182,0,15558,0,19182,0,22095,70
148,1.0,1.0,1.0,1.0,1.0,1.0,0.0,1.0,1.0,25,67,22059,67,22059,67,21760,67,22059,67,19770,0,15572,67,19770,67,22059,70
149,1.0,1.0,1.0,1.0,0.0,1.0,0.2045,1.0,8.2308,25,1814,15404,1814,14301,1814,15404,1814,15404,1814,14301,371,15255,0,19123,1814,14301,20
150,1.0,0.9993,1.0,1.0,0.0365,0.9993,0.1571,0.9993,8.5385,25,4597,14047,4594,13598,4597,14047,4597,14047,4594,13598,722,15212,168,19345,4594,13598,21
151,1.0,0.9986,1.0,1.0,0.042,0.9986,0.1517,0.992,9.9231,25,6215,12775,6206,12323,6215,12775,6215,12775,6206,12323,943,15293,261,18856,6165,14364,30
152,1.0,0.9992,1.0,1.0,0.0378,0.9992,0.1558,0.9992,9.9231,25,4891,13808,4887,13358,4891,13808,4891,13808,4887,13358,762,15221,185,18631,4887,13358,20
153,1.0,0.999,1.0,1.0,0.039,0.999,0.1545,0.968,9.9231,25,5185,13572,5180,13122,5185,13572,5185,13572,5180,13122,801,15233,202,18676,5019,15259,30
154,1.0,1.0,1.0,0.9457,0.2121,1.0,0.202,0.9425,8.7692,25,3772,17222,3772,17222,3772,17298,3567,14347,3772,15710,762,15220,800,18707,3555,15082,27
155,1.0,1.0,1.0,0.9457,0.2121,1.0,0.202,0.9425,8.7692,25,3772,17222,3772,17222,3772,17298,3567,14347,3772,15710,762,15220,800,18707,3555,15082,27
156,1.0,0.9965,1.0,1.0,0.0035,0.9965,0.261,0.9461,12.5385,25,5210,13503,5192,13066,5210,13503,5210,13503,5192,13066,1360,14634,18,17658,4929,15307,20
157,1.0,0.9984,1.0,0.9855,0.0436,0.9984,0.2509,0.9984,11.6154,25,7633,14859,7621,13297,7633,15406,7522,11827,7621,13297,1915,14631,333,19154,7621,13297,22
158,1.0,0.9953,1.0,0.9734,0.0455,0.9953,0.2354,0.9953,14.9231,25,8436,15511,8396,13418,8436,15511,8212,11902,8396,13418,1986,14613,384,16927,8396,13418,15
159,1.0,0.9953,1.0,1.0,0.0047,0.9953,0.2143,0.9849,12.3077,25,7071,12048,7038,11616,7071,12048,7071,12048,7038,11616,1515,14830,33,19187,6964,13715,22
160,1.0,0.9985,1.0,0.9916,0.0432,0.9985,0.2477,0.9985,11.6154,25,7149,15194,7138,13642,7149,14790,7089,12133,7138,13642,1771,14666,309,19048,7138,13642,22
161,1.0,0.9955,1.0,1.0,0.0045,0.9955,0.1993,0.9744,12.3077,25,6454,12516,6425,12084,6454,12516,6454,12516,6425,12084,1286,14931,29,19041,6289,14228,22
162,1.0,1.0,1.0,0.9944,0.1692,1.0,0.1692,1.0,8.1538,25,2701,18082,2701,18082,2701,15275,2686,15046,2701,16584,457,15304,457,18847,2701,16584,32
163,1.0,1.0,1.0,1.0,0.6913,1.0,0.0651,1.0,6.3846,25,1014,17828,1014,16261,1014,17828,1014,17828,1014,14768,66,16355,701,19004,1014,17828,28
164,1.0,1.0,1.0,1.0,0.8112,1.0,0.6765,1.0,5.6154,25,3437,22008,3437,15787,3437,24399,3437,19620,3437,16463,2325,17657,2788,19348,3437,19620,43
165,1.0,1.0,1.0,1.0,0.7333,1.0,0.7333,1.0,1.6154,25,1001,20501,1001,18170,1001,20331,1001,20501,1001,18170,734,15706,734,19369,1001,18928,63
166,1.0,1.0,1.0,1.0,0.677,1.0,0.677,0.9944,2.0769,25,1254,20604,1254,16690,1254,20662,1254,20604,1254,18266,849,15630,849,19303,1247,17533,57
167,1.0,1.0,1.0,0.9695,0.6194,1.0,0.6194,1.0,2.6154,25,4793,19956,4793,16826,4793,19994,4647,18877,4793,17514,2969,17394,2969,16900,4793,18550,52
168,1.0,0.9838,1.0,0.9508,0.5683,1.0,0.5683,0.9573,2.5385,25,5930,16969,5834,16359,5930,16969,5638,18187,5930,16969,3370,17521,3370,17045,5677,15074,56
169,1.0,0.9826,1.0,0.9493,0.7698,1.0,0.5573,1.0,3.2308,25,7531,18519,7400,15346,7531,18530,7149,20262,7531,15938,4197,17221,5797,18487,7531,18519,50
170,1.0,0.9958,1.0,1.0,0.0042,0.9958,0.1941,0.9958,9.3846,25,1185,16382,1180,14899,1185,15997,1185,16382,1180,14899,230,15365,5,19084,1180,14899,19
171,1.0,1.0,1.0,1.0,0.1111,1.0,0.0,1.0,3.8462,25,81,19984,81,15852,81,19849,81,19984,81,15194,0,16223,9,19189,81,19984,54
172,1.0,0.9873,1.0,0.9734,0.0127,0.9873,0.1638,0.9873,9.5385,25,1728,20430,1706,18053,1728,20044,1682,17558,1706,18053,283,15352,22,19119,1706,18053,26
173,1.0,0.9964,1.0,1.0,0.0036,0.9964,0.2001,0.9964,8.0769,25,1674,15775,1668,14434,1674,15531,1674,15775,1668,14434,335,15276,6,19102,1668,14434,20
174,0.0,0.0,0.0,0.0,0.0,0.0,0.0,0.0,1.0,25,0,22095,0,22095,0,22512,0,22095,0,19182,0,15558,0,19182,0,22095,70
175,1.0,0.9961,1.0,1.0,0.0039,0.9961,0.1984,0.9961,8.0769,25,1804,15656,1797,14315,1804,15412,1804,15656,1797,14315,358,15263,7,19112,1797,14315,20
176,1.0,1.0,1.0,1.0,1.0,1.0,0.0,1.0,1.0,25,71,22029,71,22029,71,21746,71,22029,71,19743,0,15563,71,19743,71,22029,70
177,1.0,1.0,1.0,1.0,0.002,1.0,0.2126,1.0,8.0769,25,1519,15668,1519,15668,1519,15668,1519,15668,1519,14567,323,15290,3,19106,1519,14567,21
178,1.0,0.9991,1.0,1.0,0.0009,0.9991,0.2007,0.9991,8.2308,25,2182,15318,2180,13970,2182,15074,2182,15318,2180,13970,438,15221,2,19163,2180,13970,20
179,1.0,0.9995,1.0,1.0,0.0005,0.9995,0.2016,0.9995,8.2308,25,2059,15428,2058,14079,2059,15183,2059,15428,2058,14079,415,15232,1,19150,2058,14079,20
180,1.0,1.0,1.0,1.0,0.0019,1.0,0.1992,1.0,10.0,25,3153,14803,3153,14803,3153,14803,3153,14803,3153,14803,628,15101,6,19244,3153,14803,18
181,1.0,0.9953,1.0,1.0,0.0047,0.9953,0.1971,0.9953,8.9231,25,1933,15537,1924,14198,1933,15293,1933,15537,1924,14198,381,15248,9,19122,1924,14198,20
182,1.0,1.0,1.0,1.0,0.7526,1.0,0.5804,1.0,5.2308,25,2009,19947,2009,16684,2009,20010,2009,19947,2009,17598,1166,15386,1512,18401,2009,16860,47
183,1.0,0.9884,1.0,0.9455,0.5893,1.0,0.794,0.9884,3.1538,25,8720,17876,8619,14261,8720,17503,8245,16697,8720,14886,6924,15724,5139,19153,8619,16762,51
184,1.0,1.0,1.0,1.0,0.8112,1.0,0.6765,1.0,5.6154,25,3437,22008,3437,15787,3437,24399,3437,19620,3437,16463,2325,17657,2788,19348,3437,19620,43
185,1.0,1.0,1.0,1.0,0.6681,1.0,0.6681,1.0,2.6154,25,2751,19448,2751,16146,2751,19497,2751,19448,2751,17069,1838,18055,1838,17556,2751,18071,51
186,0.0,0.0,0.0,0.0,0.0,0.0,0.0,0.0,1.0,25,0,22095,0,22095,0,22512,0,22095,0,19182,0,15558,0,19182,0,22095,70
187,1.0,0.9924,1.0,1.0,0.0076,0.9924,0.1877,0.9924,9.5385,25,1588,16009,1576,14530,1588,15623,1588,16009,1576,14530,298,15319,12,19107,1576,14530,18
188,0.0,0.0,0.0,0.0,0.0,0.0,0.0,0.0,1.0,25,0,22232,0,22232,0,22607,0,22232,0,19303,0,15636,0,19303,0,22232,70
189,1.0,1.0,1.0,1.0,1.0,1.0,0.0,1.0,1.0,25,208,21970,208,21970,208,21655,208,21970,208,19673,0,15604,208,19673,208,21970,70
190,1.0,1.0,1.0,1.0,1.0,1.0,0.0,1.0,1.0,25,152,22000,152,22000,152,21692,152,22000,152,19707,0,15587,152,19707,152,22000,70
191,1.0,0.999,1.0,1.0,0.001,0.999,0.2037,0.999,8.2308,25,1939,15291,1937,14189,1939,15291,1939,15291,1937,14189,395,15241,2,19134,1937,14189,20
192,1.0,1.0,1.0,1.0,0.0182,1.0,0.2037,1.0,8.0769,25,1978,15258,1978,15258,1978,15258,1978,15258,1978,14154,403,15251,36,19125,1978,14154,21
193,0.0,0.0,0.0,0.0,0.0,0.0,0.0,0.0,1.0,25,0,22095,0,22095,0,22512,0,22095,0,19182,0,15558,0,19182,0,22095,70
194,0.0,0.0,0.0,0.0,0.0,0.0,0.0,0.0,1.0,25,0,22095,0,22095,0,22512,0,22095,0,19182,0,15558,0,19182,0,22095,70
195,1.0,1.0,1.0,1.0,1.0,1.0,0.0,1.0,1.0,25,255,21907,255,21907,255,21597,255,21907,255,19611,0,15595,255,19611,255,21907,70
196,1.0,1.0,1.0,0.9584,0.6275,1.0,0.5936,0.9498,2.2308,25,3723,18492,3723,18492,3723,18492,3568,19522,3723,18492,2210,18050,2336,18516,3536,15504,55
197,1.0,0.9888,1.0,0.9346,0.747,1.0,0.8005,1.0,5.4615,25,10911,19615,10789,13129,10911,19615,10197,18638,10911,16495,8734,14973,8150,16917,10911,19615,30
198,1.0,1.0,1.0,0.9572,0.4668,1.0,0.3141,0.9314,8.5385,25,3295,17758,3295,17758,3295,18286,3154,14815,3295,16242,1035,15017,1538,18706,3069,15458,25
199,1.0,1.0,1.0,1.0,0.0,1.0,0.2065,1.0,8.2308,25,1690,15516,1690,14413,1690,15516,1690,15516,1690,14413,349,15267,0,19112,1690,14413,20
200,0.0,0.0,0.0,0.0,0.0,0.0,0.0,0.0,1.0,25,0,22095,0,22095,0,22512,0,22095,0,19182,0,15558,0,19182,0,22095,70
201,1.0,1.0,1.0,1.0,0.0,1.0,0.0,1.0,9.3846,25,566,16835,566,15491,566,16592,566,16835,566,15491,0,16224,0,19066,566,15491,19
202,1.0,0.9984,1.0,1.0,0.0016,0.9984,0.2008,0.9984,10.0,25,2555,14991,2551,13641,2555,14746,2555,14991,2551,13641,513,15187,4,19211,2551,13641,18
203,1.0,0.9947,1.0,1.0,0.0053,0.9947,0.1963,0.9947,8.9231,25,2063,15421,2052,14082,2063,15177,2063,15421,2052,14082,405,15236,11,19135,2052,14082,20
204,1.0,1.0,1.0,1.0,0.0,1.0,0.2165,1.0,8.0769,25,1021,16386,1021,15042,1021,16143,1021,16386,1021,15042,221,15360,0,19065,1021,15042,20
205,0.0,0.0,0.0,0.0,0.0,0.0,0.0,0.0,1.0,25,0,22244,0,22244,0,22635,0,22244,0,19305,0,15646,0,19305,0,22244,70
206,0.0,0.0,0.0,0.0,0.0,0.0,0.0,0.0,1.0,25,0,22153,0,22153,0,22555,0,22153,0,19229,0,15590,0,19229,0,22153,70
207,0.9503,0.9503,1.0,1.0,0.0497,1.0,0.0,1.0,2.7692,25,1759,21702,1759,19983,1851,21508,1851,21508,1851,21060,0,15710,92,19288,1851,19483,53
208,1.0,0.9853,1.0,0.932,0.0147,0.9853,0.1867,0.9853,12.0769,25,3133,19902,3087,16857,3133,18844,2920,16494,3087,16857,585,15193,46,19250,3087,16857,20
209,1.0,1.0,1.0,1.0,0.0033,1.0,0.2556,0.9397,10.5385,25,4879,13324,4879,13324,4879,13324,4879,13324,4879,13324,1247,14696,16,19500,4585,15590,24
210,1.0,0.9985,1.0,1.0,0.0015,0.9985,0.2023,0.9985,8.2308,25,2061,15426,2058,14079,2061,15181,2061,15426,2058,14079,417,15230,3,19148,2058,14079,20
211,1.0,0.9985,1.0,1.0,0.0015,0.9985,0.2023,0.9985,8.2308,25,2061,15426,2058,14079,2061,15181,2061,15426,2058,14079,417,15230,3,19148,2058,14079,20
212,0.9925,0.9925,1.0,1.0,0.0086,0.9925,0.1827,0.9925,9.5385,25,1972,15550,1972,15550,1987,15259,1987,15646,1972,15550,363,15283,17,19141,1972,15550,14
213,1.0,1.0,1.0,1.0,0.0,1.0,0.2196,1.0,8.0769,25,1202,15970,1202,14869,1202,15970,1202,15970,1202,14869,264,15325,0,19074,1202,14869,20
214,1.0,0.9981,1.0,0.9713,0.0466,0.9981,0.2572,0.9747,12.3846,25,8933,15387,8916,13240,8933,15387,8677,11764,8916,13240,2298,14573,416,18260,8707,14627,21
215,1.0,0.9954,1.0,0.9667,0.0534,0.9954,0.2454,0.9954,15.3846,25,8842,15370,8801,13117,8842,15219,8548,11661,8801,13117,2170,14508,472,16921,8801,13117,15
216,1.0,0.9955,1.0,0.8963,0.295,0.9955,0.3704,0.8918,17.0769,25,15358,16139,15289,10088,15358,16139,13766,8901,15289,10088,5689,7630,4531,15197,13697,7224,7
217,1.0,0.9962,1.0,0.8594,0.5426,0.9962,0.6168,0.9962,18.5385,25,23199,11784,23111,7684,23199,11784,19938,7588,23111,7684,14309,4345,12588,12630,23111,7684,13
218,1.0,0.9963,1.0,0.8314,0.2951,0.9963,0.5891,0.8276,18.6154,25,36113,10957,35978,5461,36113,10957,30023,5897,35978,5461,21275,2717,10656,10865,29888,3285,7
219,1.0,0.9774,1.0,0.8971,0.5183,0.9774,0.4613,0.8764,17.9231,25,19566,14002,19123,9565,19566,13492,17553,9085,19123,9565,9026,5568,10141,19346,17148,6579,7
220,1.0,0.9957,1.0,0.8706,0.4655,0.9957,0.4524,0.9957,18.3077,25,19416,13013,19332,9248,19416,13013,16903,8648,19332,9248,8784,5066,9039,14117,19332,9248,14
221,1.0,0.996,1.0,0.8142,0.5338,1.0,0.5758,0.996,18.3846,25,31680,10992,31552,6184,31680,10992,25794,7123,31680,10992,18241,2761,16911,12827,31552,6184,15
222,1.0,0.996,1.0,0.8173,0.5301,1.0,0.5784,0.996,18.3846,25,30242,11080,30120,6422,30242,11080,24717,7148,30242,11080,17491,2835,16030,12764,30120,6422,15
223,1.0,0.996,1.0,0.8108,0.5376,1.0,0.573,0.8068,18.3846,25,33719,10988,33583,5952,33719,10988,27341,6748,33719,10988,19320,2698,18127,13032,27205,3243,7
224,1.0,0.9959,1.0,0.8082,0.5401,1.0,0.5708,0.8042,18.3846,25,35953,11140,35807,5838,35953,11140,29059,6858,35953,11140,20521,2682,19418,13405,28913,3169,7
225,1.0,0.9959,1.0,0.8058,0.5406,1.0,0.5686,0.8017,18.3846,25,41199,12163,41030,6160,41199,12163,33197,6164,41199,12163,23424,2864,22274,14913,33028,3322,7
226,1.0,0.9978,1.0,0.884,0.1374,0.9978,0.6318,0.9978,17.6923,25,45437,18081,45336,16950,45437,18081,40166,10953,45336,16950,28708,9211,6243,16695,45336,16950,19
227,1.0,0.9978,1.0,0.8827,0.138,0.9978,0.6307,0.9814,17.6923,25,44820,17480,44721,16371,44820,17480,39564,10582,44721,16371,28267,8933,6187,16315,43987,19480,22
228,1.0,0.9979,1.0,0.8738,0.658,0.9979,0.6229,0.8717,18.6923,25,38809,16836,38729,12059,38809,16516,33911,9334,38729,12059,24173,5333,25537,21137,33831,6919,7
229,1.0,0.9957,1.0,0.8143,0.5661,1.0,0.5754,0.81,18.3846,25,52804,18247,52575,10257,52804,18247,42999,8280,52804,18247,30382,4528,29894,21238,42770,7313,7
230,1.0,0.9978,1.0,0.882,0.2158,0.9978,0.6301,0.9818,17.6923,25,44509,17189,44412,16090,44509,17189,39259,10406,44412,16090,28044,8801,9604,19999,43700,19153,22
231,1.0,0.9957,1.0,0.812,0.5269,1.0,0.5735,0.8077,18.3846,25,51284,17081,51063,9393,51284,17081,41644,7704,51284,17081,29411,4187,27023,20595,41423,6774,7
232,1.0,0.9958,1.0,0.8062,0.5383,1.0,0.5688,0.802,18.3846,25,44207,13188,44023,6733,44207,13188,35640,6680,44207,13188,25147,3112,23796,16195,35456,3625,7
233,1.0,0.9956,1.0,0.8155,0.5648,1.0,0.5764,0.8112,18.3846,25,53556,18875,53323,10729,53556,18875,43677,8592,53556,18875,30869,4713,30248,21877,43444,7606,7
234,1.0,0.9958,1.0,0.8081,0.5338,1.0,0.5703,0.8039,18.3846,25,47585,14763,47385,7751,47585,14763,38453,7491,47585,14763,27138,3532,25399,18033,38253,4173,7
235,1.0,0.9961,1.0,0.831,0.2904,0.9961,0.5885,0.8271,18.6154,25,44481,13480,44309,6716,44481,13480,36963,7239,44309,6716,26175,3336,12917,13571,36791,4027,7
236,1.0,0.9959,1.0,0.8062,0.5412,1.0,0.569,0.8021,18.3846,25,39386,11703,39225,5955,39386,11703,31752,5939,39386,11703,22409,2766,21316,14290,31591,3217,7
237,1.0,0.9959,1.0,0.8057,0.5403,1.0,0.5685,0.8016,18.3846,25,41804,12342,41632,6251,41804,12342,33683,6253,41804,12342,23766,2905,22585,15145,33511,3370,7
238,1.0,0.9957,1.0,0.8115,0.5277,1.0,0.573,0.8072,18.3846,25,50902,16806,50684,9192,50902,16806,41306,7570,50902,16806,29169,4108,26859,20300,41088,6649,7
239,1.0,0.9957,1.0,0.8113,0.5281,1.0,0.5728,0.807,18.3846,25,50708,16672,50491,9095,50708,16672,41137,8127,50708,16672,29048,4070,26778,20153,40920,6587,7
